{
    "uvs": [],
    "normals": [-0.577349,-0.577349,-0.577349,0.577349,-0.577349,-0.577349,0.707083,-0.707083,0,0,-1,0,-0.707083,-0.707083,0,0.619495,0.348491,0.70336,0.592822,0.805292,0,-0.592822,0.805292,0,-0.619495,0.348491,0.70336,0,0.443953,0.896023,0.619495,0.348491,-0.70336,0.904508,0.301492,0.301492,0,0.707083,0.707083,-0.904508,0.301492,0.301492,-0.619495,0.348491,-0.70336,0.577349,0.577349,0.577349,0.577349,-0.577349,0.577349,0,-0.707083,0.707083,-0.577349,0.577349,0.577349,-0.577349,-0.577349,0.577349],
    "faces": [32,3,0,1,0,1,2,32,10,2,3,3,4,0,32,1,10,3,2,3,0,32,5,8,9,5,6,7,32,9,6,13,7,8,9,32,9,13,5,7,9,5,32,1,0,4,2,1,10,32,4,8,5,10,6,5,32,11,1,4,11,2,10,32,4,5,11,10,5,11,33,14,13,6,12,12,9,8,13,32,3,2,12,0,4,13,32,12,6,9,13,8,7,32,9,7,3,7,14,0,32,12,9,3,13,7,0,33,4,0,3,7,10,1,0,14,33,4,7,9,8,10,14,7,6,33,11,14,20,18,11,12,12,15,33,10,1,17,15,3,2,16,17,33,11,5,13,14,11,5,9,12,33,15,20,19,16,17,12,18,19,33,17,18,20,15,16,15,12,17,33,1,11,18,17,2,11,15,16,33,2,10,15,16,4,3,17,19,33,14,12,19,20,12,13,18,12,33,12,2,16,19,13,4,19,18],
    "vertices": [0.657562,-0.657562,-0.657562,0.657562,-0.657562,0.657562,-0.657562,-0.657562,0.657562,-0.657562,-0.657562,-0.657563,0.657563,0.657562,-0.657562,0.657562,0.657562,0.657563,-0.657563,0.657562,0.657562,-0.657562,0.657562,-0.657562,0.657562,1.15821,0,-0.657562,1.15821,-0,0,-0.657562,0.657562,0.657562,0.223446,0.657563,-0.657563,0.223446,0.657562,-0,0.657562,0.657562,-0,0.223446,0.657562,-0,-0.657562,1.49897,-0.657563,-0.657562,1.49897,0.657562,-0.657562,1.49897,0.657562,0.223446,1.49897,-0.657563,0.223446,1.49897,-0,0.223446,1.49897],
    "name": "CubeGeometry",
    "metadata": {
        "generator": "io_three",
        "type": "Geometry",
        "normals": 20,
        "version": 3,
        "faces": 26,
        "vertices": 21,
        "uvs": 0
    }
}