{
    "vertices": [-0.551,0,1.02,-0.551,-0,-1.02,0.551,0,1.02,0.551,-0,-1.02,-0.551,0,1.02,-1,-0,-0,1,0,0,-0.551,-0,-1.02,0.551,0,1.02,0.551,-0,-1.02,-1,-0,-0,1,0,0,-0.551,-0.25,1.02,-0.551,-0.25,-1.02,0.551,-0.25,1.02,0.551,-0.25,-1.02,-1,-0.25,-0,1,-0.25,0],
    "normals": [0.480392,0.386334,0.787347,-0.409864,0.566057,0.715232,-0.480392,0.386334,0.787347,0.547746,0.756462,0.357341,0.195929,0.270577,0.942534,0.43614,-0.602344,0.668538,0.77926,-0.626667,0,0.43614,-0.602344,-0.668538,0,0,1,-0.244453,0.337626,0.908963,-0.77926,-0.626667,0,-0.43614,-0.602344,0.668538,-0.43614,-0.602344,-0.668538],
    "metadata": {
        "vertices": 18,
        "uvs": 1,
        "generator": "io_three",
        "normals": 13,
        "type": "Geometry",
        "version": 3,
        "faces": 22
    },
    "uvs": [[0.980997,0.745528,0.016104,0.753126,0.017487,0.260894,0.497888,0.999838,0.026136,0.755687,0.97907,0.744059,0.356315,0.727696,0.421176,0.727696,0.421176,0.913677,0.356315,0.913677,0.356315,0.452316,0.421176,0.452316,0.421176,0.727696,0,0,0,0.452316,0.080083,0,0.289136,0.452315,1,0.458701,0.842904,0.231187,1,0,0.034576,0.263859,0.965651,0.260675,0.989806,0.743041,0.356315,1,0.291455,1,0.291455,0.727696,0.356315,0.727696,0.356315,0.727696,0.291455,0.727696,0.291455,0.452316,0.356315,0.452316,0.97907,0.255363,0.021807,0.255363,0.507318,0.015088,0.800229,0.766503,0.735369,0.766503,0.735368,0.494199,0.800229,0.494199,0.735368,0.766503,0.800229,0.952485,0.735369,0.952485,0.369219,0,0.578272,0.452316,0.289136,0.452316,0.735368,0.952901,0.578272,0.725387,0.735368,0.494199]],
    "name": "CubeGeometry.1",
    "faces": [40,11,7,10,0,1,2,0,1,2,40,9,7,11,3,4,5,3,1,0,41,8,14,17,11,6,7,8,9,4,5,6,0,41,11,17,15,9,10,11,12,6,0,6,7,3,41,2,6,11,8,13,13,13,13,8,8,0,4,41,1,6,11,7,13,13,13,13,8,8,0,1,41,0,2,8,4,13,13,13,13,8,8,4,9,41,5,0,4,10,13,13,13,13,8,8,9,2,41,2,5,10,8,13,13,13,13,8,8,2,4,41,3,1,7,9,13,13,13,13,8,8,1,3,41,1,5,10,7,13,13,13,13,8,8,2,1,41,6,3,9,11,13,13,13,13,8,8,3,0,40,14,16,17,14,15,16,5,10,6,40,14,12,16,17,18,19,5,11,10,40,10,8,11,20,21,22,2,4,0,41,4,12,14,8,23,24,25,26,9,11,5,4,41,10,16,12,4,27,28,29,30,2,10,11,9,40,8,10,4,31,32,33,4,2,9,41,9,15,13,7,34,35,36,37,3,7,12,1,41,7,13,16,10,38,34,39,40,1,12,10,2,40,17,16,13,41,42,43,6,10,12,40,13,15,17,44,45,46,12,7,6]
}