{
    "uvs": [],
    "normals": [0.577349,-0.577349,-0.577349,0.577349,-0.577349,0.577349,-0.577349,-0.577349,0.577349,-0.577349,-0.577349,-0.577349,0.607562,0.794244,0,-0.607562,0.794244,0,-0.611194,0.389904,0.688742,0.611194,0.389904,0.688742,0.611194,0.389904,-0.688742,-0.611194,0.389904,-0.688742],
    "faces": [33,0,1,2,3,0,1,2,3,33,8,9,6,5,4,5,6,7,32,1,0,4,1,0,8,32,4,8,5,8,4,7,32,4,5,1,8,7,1,33,1,5,6,2,1,7,6,2,32,3,2,6,3,2,6,32,6,9,7,6,5,9,32,6,7,3,6,9,3,33,4,0,3,7,8,0,3,9,33,4,7,9,8,8,9,5,4],
    "vertices": [0.533985,-0.004296,-0.533985,0.533985,-0.004296,0.533985,-0.533985,-0.004296,0.533985,-0.533985,-0.004296,-0.533985,0.533985,0.518056,-0.533985,0.533985,0.518056,0.533985,-0.533985,0.518056,0.533985,-0.533985,0.518056,-0.533985,0.533985,0.838526,0,-0.533985,0.838526,-0],
    "name": "CubeGeometry",
    "metadata": {
        "generator": "io_three",
        "type": "Geometry",
        "normals": 10,
        "version": 3,
        "faces": 11,
        "vertices": 10,
        "uvs": 0
    }
}