{
    "uvs": [],
    "normals": [0.577349,-0.577349,-0.577349,0.577349,-0.577349,0.577349,-0.577349,-0.577349,0.577349,-0.577349,-0.577349,-0.577349,0.577349,0.577349,-0.577349,-0.577349,0.577349,-0.577349,-0.577349,0.577349,0.577349,0.577349,0.577349,0.577349],
    "faces": [33,0,1,2,3,0,1,2,3,33,4,7,6,5,4,5,6,7,33,0,4,5,1,0,4,7,1,33,1,5,6,2,1,7,6,2,33,2,6,7,3,2,6,5,3,33,4,0,3,7,4,0,3,5],
    "vertices": [0.133704,-0.123836,-0.817332,0.133704,-0.123836,0.807073,-0.150344,-0.123836,0.807073,-0.150343,-0.123836,-0.817333,0.133704,0.137344,-0.817332,0.133703,0.137344,0.807073,-0.150344,0.137344,0.807073,-0.150344,0.137344,-0.817332],
    "name": "CubeGeometry",
    "metadata": {
        "generator": "io_three",
        "type": "Geometry",
        "normals": 8,
        "version": 3,
        "faces": 6,
        "vertices": 8,
        "uvs": 0
    }
}