{
    "normals": [0,-1,0,0,-0.707083,0.707083,-0.577349,-0.577349,0.577349,-0.707083,-0.707083,0,0,0.307047,-0.951659,-0.666036,0.335704,-0.666036,-0.706839,-0.026856,-0.706839,0,-0.015717,-0.999847,1,0,0,0.951659,0.307047,0,0.666036,0.335704,0.666036,0.707083,0,0.707083,0,0,1,0,0.307047,0.951659,-0.666036,0.335704,0.666036,-0.707083,0,0.707083,-1,0,0,-0.951659,0.307047,0,-0.707083,0,-0.707083,0,0,-1,0,-0.707083,-0.707083,-0.577349,-0.577349,-0.577349,0.666036,0.335704,-0.666036,0.707083,0,-0.707083,0.577349,-0.577349,-0.577349,0.577349,-0.577349,0.577349,0.707083,-0.707083,0,0.706839,-0.026856,-0.706839,0.999847,-0.015717,0,-0.999847,-0.015717,0,0.706839,-0.026856,0.706839,0,-0.015717,0.999847,-0.680624,0.271065,-0.680624,0,0.042482,-0.999084,-0.897122,0.441755,0,0.544511,0.007355,-0.838679,-0.706839,-0.026856,0.706839,-0.680624,0.271065,0.680624,-0.526627,0.667287,0.526627,-0.897244,0.44145,0,0.680624,0.271065,0.680624,0.897122,0.441755,0,0.897244,0.44145,0,0.526627,0.667287,0.526627,0,0.441755,0.897122,0,0.44145,0.897244,0.369457,0.071413,-0.926481,0.752251,-0.658834,0,0.431776,-0.791894,0.431776,0,-0.658834,0.752251,-0.431776,-0.791894,0.431776,0.431776,-0.791894,-0.431776,0,0.042085,-0.999084,-0.526627,0.667287,-0.526627,0.701895,0.120975,0.701895,0,0.191687,0.981445,0,-0.658834,-0.752251,-0.431776,-0.791894,-0.431776,-0.701895,0.120975,-0.701895,0,0.191687,-0.981445,-0.752251,-0.658834,0,-0.981445,0.191687,0,0.701895,0.120975,-0.701895,-0.421064,0.90701,0,-0.212775,0.953642,-0.212775,0,0.90701,-0.421064,0.212775,0.953642,-0.212775,-0.701895,0.120975,0.701895,-0.212775,0.953642,0.212775,0.981445,0.191687,0,0.421064,0.90701,0,0.212775,0.953642,0.212775,0.231147,0.9729,0,0.176366,0.968383,0.176366,0,0.90701,0.421064,0,0.9729,0.231147,-0.176366,0.968383,0.176366,0.176366,0.968383,-0.176366,0,1,0,-0.231147,0.9729,0,0,0.9729,-0.231117,-0.176366,0.968383,-0.176366],
    "faces": [33,25,11,2,13,0,1,2,3,33,17,7,29,28,4,5,6,7,33,23,16,5,12,8,9,10,11,33,22,18,6,14,12,13,14,15,33,21,19,7,15,16,17,5,18,33,20,9,3,15,19,20,21,18,33,17,20,15,7,4,19,18,5,33,4,10,20,17,22,23,19,4,33,10,0,9,20,23,24,20,19,33,13,21,15,3,3,16,18,21,33,2,14,21,13,2,15,16,3,33,14,6,19,21,15,14,17,16,33,11,22,14,2,1,12,15,2,33,1,12,22,11,25,11,12,1,33,12,5,18,22,11,10,13,12,33,8,23,12,1,26,8,11,25,33,0,10,23,8,24,23,8,26,33,10,4,16,23,23,22,9,8,33,16,4,33,26,9,22,27,28,33,7,19,32,29,5,17,29,6,33,18,5,27,30,13,10,30,31,33,9,25,13,3,20,0,3,21,33,0,8,25,9,24,26,0,20,33,8,1,11,25,26,25,1,0,33,28,29,37,36,7,6,32,33,33,29,32,40,37,6,29,34,32,33,33,28,36,41,27,7,33,35,33,32,31,39,40,29,36,37,34,33,19,6,31,32,17,14,36,29,33,4,17,28,33,22,4,7,27,33,6,18,30,31,14,13,31,36,33,5,16,26,27,10,9,28,30,33,40,39,47,48,34,37,38,39,33,35,24,34,43,40,41,42,43,33,39,38,46,47,37,44,45,38,33,24,41,49,34,41,35,46,42,33,30,27,35,38,31,30,40,44,33,26,33,41,24,28,27,35,41,33,31,30,38,39,36,31,44,37,33,27,26,24,35,30,28,41,40,33,43,34,42,51,43,42,47,48,33,47,46,54,55,38,45,49,50,33,34,49,57,42,42,46,51,47,33,46,43,51,54,45,43,48,49,33,41,36,44,49,35,33,52,46,33,37,40,48,45,32,34,39,53,33,36,37,45,44,33,32,53,52,33,38,35,43,46,44,40,43,45,33,54,51,59,62,49,48,54,55,33,52,53,61,60,56,57,58,59,33,53,56,64,61,57,60,61,58,33,57,52,60,65,51,56,59,62,33,48,47,55,56,39,38,50,60,33,49,44,52,57,46,52,56,51,33,45,48,56,53,53,39,60,57,33,44,45,53,52,52,53,57,56,33,61,64,72,69,58,61,63,64,33,65,60,68,73,62,59,65,66,33,64,63,71,72,61,67,68,63,33,59,50,58,67,54,69,70,71,33,42,57,65,50,47,51,62,69,33,55,54,62,63,50,49,55,67,33,51,42,50,59,48,47,69,54,33,56,55,63,64,60,50,67,61,33,67,58,66,74,71,70,72,73,33,71,70,77,78,68,74,75,76,33,58,73,80,66,70,66,77,72,33,70,67,74,77,74,71,73,75,33,60,61,69,68,59,58,64,65,33,62,59,67,70,55,54,71,74,33,50,65,73,58,69,62,66,70,33,63,62,70,71,67,55,74,68,33,81,79,78,77,78,79,76,75,33,66,81,77,74,72,78,75,73,33,80,75,81,66,77,80,78,72,33,75,76,79,81,80,81,79,78,33,72,71,78,79,63,68,76,79,33,73,68,75,80,66,65,80,77,33,69,72,79,76,64,63,79,81,33,68,69,76,75,65,64,81,80],
    "metadata": {
        "type": "Geometry",
        "faces": 80,
        "normals": 82,
        "uvs": 0,
        "vertices": 82,
        "generator": "io_three",
        "version": 3
    },
    "uvs": [],
    "vertices": [0.301664,-0.301664,-0.301664,0.301664,-0.301664,0.301664,-0.301664,-0.301664,0.301664,-0.301664,-0.301664,-0.301664,0.301665,0.301664,-0.301664,0.301664,0.301664,0.301665,-0.301664,0.301664,0.301664,-0.301664,0.301664,-0.301664,0.301664,-0.301664,0,0,-0.301664,-0.301664,0.301664,-0,-0.301664,0,-0.301664,0.301664,0.301664,0,0.301664,-0.301664,-0.301664,-0,-0.301664,0,0.301664,-0.301664,-0,-0.301664,0.301664,0.301664,0,0,0.301664,-0.301664,-0,0.301664,0.301664,-0.301664,0.301664,-0,0,-0,-0.301664,-0.301664,-0,-0,-0,0,0.301664,0.301664,0,0,0.173016,0.65139,0,0,-0.301664,-0,0.109361,0.568635,0,0.109361,0.568635,0.109361,0,0.568635,-0.109361,-0.109361,0.568635,-0.109361,-0,0.568635,0.109361,-0.109361,0.568635,0.109361,-0.109361,0.568635,-0,0.109361,0.568635,-0.109361,0.173016,0.65139,0,0.173016,0.65139,0.173016,0,0.65139,-0.173016,-0.173016,0.65139,-0.173016,-0,0.65139,0.173016,-0.173016,0.65139,0.173016,-0.173016,0.65139,-0,0.173016,0.65139,-0.173016,0.223928,0.717492,0,0.173016,0.65139,0.173016,0,0.65139,-0.173016,-0.173016,0.65139,-0.173016,-0,0.65139,0.173016,-0.173016,0.65139,0.173016,-0.173016,0.65139,-0,0.173016,0.65139,-0.173016,0.286408,0.780361,0,0.223928,0.717492,0.223928,0,0.717492,-0.223928,-0.223928,0.717492,-0.223928,-0,0.717492,0.223928,-0.223928,0.717492,0.223928,-0.223928,0.717492,-0,0.223928,0.717492,-0.223928,0.194582,0.819481,0,0.286408,0.780361,0.286408,0,0.780361,-0.286408,-0.286408,0.780361,-0.286408,-0,0.780361,0.286408,-0.286408,0.780361,0.286408,-0.286408,0.780361,-0,0.286408,0.780361,-0.286408,0.108541,0.86281,0,0.194582,0.819481,0.194582,0,0.819481,-0.194582,-0.194582,0.819481,-0.194582,-0,0.819481,0.194582,-0.194582,0.819481,0.194582,-0.194582,0.819481,-0,0.194582,0.819481,-0.194582,0.108541,0.86281,0.108541,0,0.86281,-0.108541,-0.108541,0.86281,-0.108541,-0,0.86281,0.108541,-0.108541,0.86281,0.108541,-0.108541,0.86281,-0,0.108541,0.86281,-0.108541,-0,0.86281,0],
    "name": "CubeGeometry"
}