{
    "metadata": {
        "generator": "io_three",
        "faces": 10,
        "type": "Geometry",
        "vertices": 12,
        "version": 3,
        "normals": 12,
        "uvs": 1
    },
    "faces": [41,0,1,2,3,0,0,0,0,0,1,2,3,41,4,7,6,5,1,2,3,4,4,5,6,7,41,8,4,5,9,0,0,0,0,8,4,7,9,41,9,5,6,10,0,0,0,0,9,7,6,10,41,10,6,7,11,0,0,0,0,10,6,5,11,41,8,0,3,11,0,0,0,0,8,0,3,11,41,4,8,11,7,0,0,0,0,4,8,11,5,41,2,10,11,3,0,0,0,0,2,10,11,3,41,1,9,10,2,0,0,0,0,1,9,10,2,41,0,8,9,1,0,0,0,0,0,8,9,1],
    "uvs": [[0,0,0.9999,0.9999,0.0001,0.9999,0.0001,0.0001,0.999899,0.0001]],
    "vertices": [1,-0.036951,-1,1,-0.036951,1,-1,-0.036951,1,-1,-0.036951,-1,0.824768,0.297141,-0.824767,0.824767,0.297141,0.824768,-0.824768,0.297141,0.824767,-0.824767,0.297141,-0.824767,1,0.130095,-1,1,0.130095,1,-1,0.130095,1,-1,0.130095,-1],
    "name": "CubeGeometry.1",
    "normals": [0.577349,-0.577349,-0.577349,0.577349,-0.577349,0.577349,-0.577349,-0.577349,0.577349,-0.577349,-0.577349,-0.577349,0.290811,0.911496,-0.290811,-0.290811,0.911496,-0.290811,-0.290811,0.911496,0.290811,0.290811,0.911496,0.290811,0.648427,0.398816,-0.648427,0.648427,0.398816,0.648427,-0.648427,0.398816,0.648427,-0.648427,0.398816,-0.648427]
}