{
    "uvs": [[1,0.261063,0.61225,0.522125,0.5,0.261063,0.88775,0.522125,0.0625,0.522125,0.125,0.522125,0.125,0.714763,0.0625,0.714763,0.125,1,0.0625,1,0,0,0.38775,0.522125,0,0.261063,0.5,0.261063,0.11225,0.522125,0.88775,0,0.25,0.804175,0.1875,0.804175,0.1875,0.522125,0.25,0.522125,0,0.714763,0.0625,0.714763,0.0625,1,0,1,0.61225,0,0.1875,0.804175,0.125,0.804175,0.1875,0.522125,0,0.522125,0.0625,0.522125,0.11225,0,0.38775,0]],
    "normals": [0.480392,0.386334,0.787347,-0.409864,0.566057,0.715232,-0.480392,0.386334,0.787347,0.547746,0.756462,0.357341,0.195929,0.270577,0.942534,0.43614,-0.602344,0.668538,0.77926,-0.626667,0,0.43614,-0.602344,-0.668538,0,0,1,-0.244453,0.337626,0.908963,-0.77926,-0.626667,0,-0.43614,-0.602344,0.668538,-0.43614,-0.602344,-0.668538],
    "name": "CubeGeometry.1",
    "faces": [40,11,7,10,0,1,2,0,1,2,40,9,7,11,3,1,0,3,1,0,41,8,14,17,11,4,5,6,7,4,5,6,0,41,11,17,15,9,7,6,8,9,0,6,7,3,41,2,6,11,8,10,10,10,10,8,8,0,4,41,1,6,11,7,10,10,10,10,8,8,0,1,41,0,2,8,4,10,10,10,10,8,8,4,9,41,5,0,4,10,10,10,10,10,8,8,9,2,41,2,5,10,8,10,10,10,10,8,8,2,4,41,3,1,7,9,10,10,10,10,8,8,1,3,41,1,5,10,7,10,10,10,10,8,8,2,1,41,6,3,9,11,10,10,10,10,8,8,3,0,40,14,16,17,11,12,13,5,10,6,40,14,12,16,11,14,12,5,11,10,40,10,8,11,2,15,0,2,4,0,41,4,12,14,8,16,17,18,19,9,11,5,4,41,10,16,12,4,20,21,22,23,2,10,11,9,40,8,10,4,15,2,24,4,2,9,41,9,15,13,7,25,26,5,27,3,7,12,1,41,7,13,16,10,28,29,21,20,1,12,10,2,40,17,16,13,13,12,30,6,10,12,40,13,15,17,30,31,13,12,7,6],
    "metadata": {
        "uvs": 1,
        "normals": 13,
        "generator": "io_three",
        "faces": 22,
        "type": "Geometry",
        "vertices": 18,
        "version": 3
    },
    "vertices": [-0.551,0,1.02,-0.551,-0,-1.02,0.551,0,1.02,0.551,-0,-1.02,-0.551,0,1.02,-1,-0,-0,1,0,0,-0.551,-0,-1.02,0.551,0,1.02,0.551,-0,-1.02,-1,-0,-0,1,0,0,-0.551,-0.25,1.02,-0.551,-0.25,-1.02,0.551,-0.25,1.02,0.551,-0.25,-1.02,-1,-0.25,-0,1,-0.25,0]
}